group_scope,group_value,metric,count,min,max,mean,median,std,p10,p25,p50,p75,p90,p95,p99
full_calibration_corpus,all,IDI_raw,171,0.0,0.034483,0.0012621169590643275,0.0,0.004809972977554044,0.0,0.0,0.0,0.0,0.0,0.012761,0.022832000000000005
full_calibration_corpus,all,EMI_raw,171,0.0,0.044444,0.001688122807017544,0.0,0.005499128990266104,0.0,0.0,0.0,0.0,0.00565,0.011498,0.028955000000000015
full_calibration_corpus,all,MTI_raw,171,0.0,0.078947,0.005976122807017545,0.0,0.012907994589786118,0.0,0.0,0.0,0.0069855,0.020408,0.0254785,0.06091470000000026
full_calibration_corpus,all,EVI_raw,171,-6.0,4.0,0.21052631578947367,0.0,1.4876117140842158,0.0,0.0,0.0,0.0,2.0,3.0,4.0
full_calibration_corpus,all,EVI_norm,171,-0.6,0.4,0.021052631578947368,0.0,0.14876117140842157,0.0,0.0,0.0,0.0,0.2,0.3,0.4
full_calibration_corpus,all,IP_context,171,-0.6129036,0.41142839999999997,0.021132745614035088,0.0,0.15123025870125553,0.0,0.0,0.0,0.0,0.2076924,0.30375225,0.4030379200000001
full_calibration_corpus,all,IP_abs_context,171,0.0,0.6129036,0.07476508947368421,0.0,0.13314415300728827,0.0,0.0,0.0,0.1,0.302817,0.35799995,0.5157235
by_calibration_type,calibration_type=analytical_article,IDI_raw,23,0.0,0.0,0.0,0.0,0.0,0.0,0.0,0.0,0.0,0.0,0.0,0.0
by_calibration_type,calibration_type=analytical_article,EMI_raw,23,0.0,0.029851,0.002800478260869565,0.0,0.006754124259324591,0.0,0.0,0.0,0.0,0.008540200000000001,0.013157699999999994,0.02627688000000002
by_calibration_type,calibration_type=analytical_article,MTI_raw,23,0.0,0.054054,0.009886,0.0,0.015679509092803395,0.0,0.0,0.0,0.017403000000000002,0.022686400000000002,0.04969439999999996,0.053741159999999996
by_calibration_type,calibration_type=analytical_article,EVI_raw,23,0.0,4.0,0.8695652173913043,0.0,1.392662380699736,0.0,0.0,0.0,1.0,3.0,3.8999999999999986,4.0
by_calibration_type,calibration_type=analytical_article,EVI_norm,23,0.0,0.4,0.08695652173913043,0.0,0.13926623806997365,0.0,0.0,0.0,0.1,0.3,0.3899999999999999,0.4
by_calibration_type,calibration_type=analytical_article,IP_context,23,0.0,0.4,0.0874276956521739,0.0,0.13980633423379235,0.0,0.0,0.0,0.10149255000000001,0.30517038,0.3905999999999999,0.4
by_calibration_type,calibration_type=analytical_article,IP_abs_context,23,0.0,0.4,0.0874276956521739,0.0,0.13980633423379235,0.0,0.0,0.0,0.10149255000000001,0.30517038,0.3905999999999999,0.4
by_calibration_type,calibration_type=crisis_report,IDI_raw,19,0.0,0.023077,0.0012145789473684211,0.0,0.005153022059823776,0.0,0.0,0.0,0.0,0.0,0.0023076999999999508,0.018923140000000005
by_calibration_type,calibration_type=crisis_report,EMI_raw,19,0.0,0.003693,0.00019436842105263158,0.0,0.0008246353714490273,0.0,0.0,0.0,0.0,0.0,0.0003692999999999921,0.0030282600000000014
by_calibration_type,calibration_type=crisis_report,MTI_raw,19,0.0,0.020408,0.0021754210526315786,0.0,0.005591156601142929,0.0,0.0,0.0,0.0,0.007508999999999993,0.01588729999999999,0.01950386
by_calibration_type,calibration_type=crisis_report,EVI_raw,19,-2.0,2.0,0.05263157894736842,0.0,0.6862318321265947,0.0,0.0,0.0,0.0,0.1999999999999993,1.0999999999999979,1.8200000000000003
by_calibration_type,calibration_type=crisis_report,EVI_norm,19,-0.2,0.2,0.005263157894736842,0.0,0.06862318321265946,0.0,0.0,0.0,0.0,0.01999999999999993,0.10999999999999979,0.18200000000000005
by_calibration_type,calibration_type=crisis_report,IP_context,19,-0.20184660000000001,0.2076924,0.0055708315789473675,0.0,0.07007084153092237,0.0,0.0,0.0,0.0,0.01999999999999993,0.11076923999999977,0.18830776800000004
by_calibration_type,calibration_type=crisis_report,IP_abs_context,19,0.0,0.2076924,0.026817842105263157,0.0,0.0649750747760232,0.0,0.0,0.0,0.0,0.12036931999999993,0.20243118,0.206640156
by_calibration_type,calibration_type=highly_emotional_text,IDI_raw,6,0.0,0.0,0.0,0.0,0.0,0.0,0.0,0.0,0.0,0.0,0.0,0.0
by_calibration_type,calibration_type=highly_emotional_text,EMI_raw,6,0.0,0.003472,0.0005786666666666667,0.0,0.0012939380029798784,0.0,0.0,0.0,0.0,0.001736,0.002604,0.0032984000000000004
by_calibration_type,calibration_type=highly_emotional_text,MTI_raw,6,0.0,0.076923,0.017582333333333335,0.0,0.02851496477680136,0.0,0.0,0.0,0.02142825,0.052747,0.064835,0.07450540000000001
by_calibration_type,calibration_type=highly_emotional_text,EVI_raw,6,0.0,4.0,0.6666666666666666,0.0,1.4907119849998598,0.0,0.0,0.0,0.0,2.0,3.0,3.8000000000000007
by_calibration_type,calibration_type=highly_emotional_text,EVI_norm,6,0.0,0.4,0.06666666666666667,0.0,0.14907119849998599,0.0,0.0,0.0,0.0,0.2,0.30000000000000004,0.3800000000000001
by_calibration_type,calibration_type=highly_emotional_text,IP_context,6,0.0,0.41142839999999997,0.06857139999999999,0.0,0.15333031171232905,0.0,0.0,0.0,0.0,0.20571419999999999,0.3085713,0.39085698
by_calibration_type,calibration_type=highly_emotional_text,IP_abs_context,6,0.0,0.41142839999999997,0.06857139999999999,0.0,0.15333031171232905,0.0,0.0,0.0,0.0,0.20571419999999999,0.3085713,0.39085698
by_calibration_type,calibration_type=highly_metaphorical_text,IDI_raw,19,0.0,0.0,0.0,0.0,0.0,0.0,0.0,0.0,0.0,0.0,0.0,0.0
by_calibration_type,calibration_type=highly_metaphorical_text,EMI_raw,19,0.0,0.017544,0.001417578947368421,0.0,0.004339433413365214,0.0,0.0,0.0,0.0,0.0018779999999999934,0.010205399999999983,0.016076280000000002
by_calibration_type,calibration_type=highly_metaphorical_text,MTI_raw,19,0.0,0.025316,0.001332421052631579,0.0,0.005652983770269045,0.0,0.0,0.0,0.0,0.0,0.0025315999999999464,0.02075912000000001
by_calibration_type,calibration_type=highly_metaphorical_text,EVI_raw,19,-4.0,4.0,0.05263157894736842,0.0,1.5034586165353367,-1.0,0.0,0.0,0.0,0.5999999999999979,3.099999999999998,3.8200000000000003
by_calibration_type,calibration_type=highly_metaphorical_text,EVI_norm,19,-0.4,0.4,0.005263157894736839,0.0,0.1503458616535337,-0.1,0.0,0.0,0.0,0.05999999999999978,0.3099999999999998,0.38200000000000006
by_calibration_type,calibration_type=highly_metaphorical_text,IP_context,19,-0.4,0.4101264,0.00594438947368421,0.0,0.1520440413875771,-0.1,0.0,0.0,0.0,0.06056339999999979,0.31354793999999975,0.39081070800000006
by_calibration_type,calibration_type=highly_metaphorical_text,IP_abs_context,19,0.0,0.4101264,0.06910228421052632,0.0,0.1355640092523445,0.0,0.0,0.0,0.05,0.3222535999999999,0.40101264,0.408303648
by_calibration_type,calibration_type=ideological_mobilization,IDI_raw,26,0.0,0.018868,0.0035404615384615383,0.0,0.006667326809672844,0.0,0.0,0.0,0.0,0.015629,0.01811925,0.018868
by_calibration_type,calibration_type=ideological_mobilization,EMI_raw,26,0.0,0.044444,0.005621192307692308,0.0,0.010405793002048393,0.0,0.0,0.0,0.005667999999999999,0.014731000000000001,0.0254605,0.04047575
by_calibration_type,calibration_type=ideological_mobilization,MTI_raw,26,0.0,0.078947,0.009365807692307694,0.0,0.017175705973664867,0.0,0.0,0.0,0.01529025,0.0222665,0.035814,0.06921025
by_calibration_type,calibration_type=ideological_mobilization,EVI_raw,26,-5.0,3.0,-0.3076923076923077,0.0,2.1080291701607266,-3.0,-1.0,0.0,1.0,2.5,3.0,3.0
by_calibration_type,calibration_type=ideological_mobilization,EVI_norm,26,-0.5,0.3,-0.030769230769230767,0.0,0.21080291701607262,-0.3,-0.1,0.0,0.1,0.25,0.3,0.3
by_calibration_type,calibration_type=ideological_mobilization,IP_context,26,-0.5157235,0.3159999,-0.03189971923076922,0.0,0.2167502347652513,-0.31095224999999993,-0.10250005000000001,0.0,0.1,0.2545765,0.304216575,0.3131718
by_calibration_type,calibration_type=ideological_mobilization,IP_abs_context,26,0.0,0.5157235,0.14991748076923078,0.10102565000000001,0.15975921043120106,0.0,0.0,0.10102565000000001,0.304216575,0.31466655,0.4657926,0.5157235
by_calibration_type,calibration_type=neutral_news,IDI_raw,34,0.0,0.0,0.0,0.0,0.0,0.0,0.0,0.0,0.0,0.0,0.0,0.0
by_calibration_type,calibration_type=neutral_news,EMI_raw,34,0.0,0.004566,0.00013429411764705881,0.0,0.0007714609718850776,0.0,0.0,0.0,0.0,0.0,0.0,0.0030592200000000075
by_calibration_type,calibration_type=neutral_news,MTI_raw,34,0.0,0.045455,0.0070115,0.0,0.011999444085775269,0.0,0.0,0.0,0.01497275,0.023533799999999997,0.02894744999999998,0.04203389000000002
by_calibration_type,calibration_type=neutral_news,EVI_raw,34,0.0,3.0,0.14705882352941177,0.0,0.549457108596159,0.0,0.0,0.0,0.0,0.0,1.0,2.3400000000000034
by_calibration_type,calibration_type=neutral_news,EVI_norm,34,0.0,0.3,0.014705882352941176,0.0,0.054945710859615894,0.0,0.0,0.0,0.0,0.0,0.1,0.23400000000000032
by_calibration_type,calibration_type=neutral_news,IP_context,34,0.0,0.30722879999999997,0.015021694117647059,0.0,0.0562116439751689,0.0,0.0,0.0,0.0,0.0,0.10122808,0.24000120000000033
by_calibration_type,calibration_type=neutral_news,IP_abs_context,34,0.0,0.30722879999999997,0.015021694117647059,0.0,0.0562116439751689,0.0,0.0,0.0,0.0,0.0,0.10122808,0.24000120000000033
by_calibration_type,calibration_type=opinion_editorial,IDI_raw,13,0.0,0.034483,0.004636769230769231,0.0,0.009807746696078458,0.0,0.0,0.0,0.0,0.014114000000000003,0.022748199999999972,0.03213603999999998
by_calibration_type,calibration_type=opinion_editorial,EMI_raw,13,0.0,0.002506,0.00019276923076923076,0.0,0.0006677722036565548,0.0,0.0,0.0,0.0,0.0,0.0010023999999999964,0.0022052799999999974
by_calibration_type,calibration_type=opinion_editorial,MTI_raw,13,0.0,0.02381,0.004190846153846154,0.0,0.007278593882022014,0.0,0.0,0.0,0.007519,0.013721600000000006,0.018615199999999988,0.022771039999999992
by_calibration_type,calibration_type=opinion_editorial,EVI_raw,13,0.0,3.0,0.6153846153846154,0.0,0.923076923076923,0.0,0.0,0.0,1.0,1.8000000000000007,2.3999999999999986,2.879999999999999
by_calibration_type,calibration_type=opinion_editorial,EVI_norm,13,0.0,0.3,0.061538461538461535,0.0,0.0923076923076923,0.0,0.0,0.0,0.1,0.18000000000000008,0.23999999999999985,0.28799999999999987
by_calibration_type,calibration_type=opinion_editorial,IP_context,13,0.0,0.3,0.061880830769230774,0.0,0.092454966984834,0.0,0.0,0.0,0.1010025,0.18068966000000009,0.23999999999999985,0.28799999999999987
by_calibration_type,calibration_type=opinion_editorial,IP_abs_context,13,0.0,0.3,0.061880830769230774,0.0,0.092454966984834,0.0,0.0,0.0,0.1010025,0.18068966000000009,0.23999999999999985,0.28799999999999987
by_calibration_type,calibration_type=propaganda_like_text,IDI_raw,4,0.0,0.022727,0.00729475,0.003226,0.009291008055507219,0.0,0.0,0.003226,0.01052075,0.017844500000000003,0.020285749999999995,0.022238749999999998
by_calibration_type,calibration_type=propaganda_like_text,EMI_raw,4,0.0,0.010417,0.00475475,0.004301,0.004797856363783726,0.0,0.0,0.004301,0.00905575,0.0098725,0.01014475,0.010362549999999998
by_calibration_type,calibration_type=propaganda_like_text,MTI_raw,4,0.0,0.016393,0.00571125,0.003226,0.006706065291025729,0.0,0.0,0.003226,0.00893725,0.013410700000000003,0.014901849999999998,0.016094769999999998
by_calibration_type,calibration_type=propaganda_like_text,EVI_raw,4,-6.0,0.0,-2.5,-2.0,2.598076211353316,-5.4,-4.5,-2.0,0.0,0.0,0.0,0.0
by_calibration_type,calibration_type=propaganda_like_text,EVI_norm,4,-0.6,0.0,-0.25,-0.2,0.2598076211353316,-0.54,-0.45,-0.2,0.0,0.0,0.0,0.0
by_calibration_type,calibration_type=propaganda_like_text,IP_context,4,-0.6129036,0.0,-0.2542676,-0.2020834,0.26476101274364394,-0.55028256,-0.456351,-0.2020834,0.0,0.0,0.0,0.0
by_calibration_type,calibration_type=propaganda_like_text,IP_abs_context,4,0.0,0.6129036,0.2542676,0.2020834,0.26476101274364394,0.0,0.0,0.2020834,0.456351,0.5502825600000001,0.5815930799999999,0.606641496
by_calibration_type,calibration_type=standard_political_news,IDI_raw,27,0.0,0.011236,0.00041614814814814813,0.0,0.0021219475279529087,0.0,0.0,0.0,0.0,0.0,0.0,0.008314639999999983
by_calibration_type,calibration_type=standard_political_news,EMI_raw,27,0.0,0.009259,0.0006635925925925927,0.0,0.00234757918273365,0.0,0.0,0.0,0.0,0.0,0.006060599999999994,0.00910274
by_calibration_type,calibration_type=standard_political_news,MTI_raw,27,0.0,0.016393,0.0023395555555555557,0.0,0.005252581709719893,0.0,0.0,0.0,0.0,0.013347800000000002,0.015104199999999998,0.01619332
by_calibration_type,calibration_type=standard_political_news,EVI_raw,27,-3.0,3.0,0.5555555555555556,0.0,1.3698697784375502,0.0,0.0,0.0,1.5,3.0,3.0,3.0
by_calibration_type,calibration_type=standard_political_news,EVI_norm,27,-0.3,0.3,0.055555555555555546,0.0,0.13698697784375502,0.0,0.0,0.0,0.15000000000000002,0.3,0.3,0.3
by_calibration_type,calibration_type=standard_political_news,IP_context,27,-0.3025974,0.30694439999999995,0.055700725925925926,0.0,0.13771902426406588,0.0,0.0,0.0,0.15000000000000002,0.3,0.3,0.30513885599999996
by_calibration_type,calibration_type=standard_political_news,IP_abs_context,27,0.0,0.30694439999999995,0.08555441481481482,0.0,0.12144769499095515,0.0,0.0,0.0,0.2,0.3,0.30181818,0.30581417999999994
by_expected_indicator_focus,expected_indicator_focus=EMI,IDI_raw,25,0.0,0.023077,0.0009230800000000001,0.0,0.004522149983536594,0.0,0.0,0.0,0.0,0.0,0.0,0.017538519999999953
by_expected_indicator_focus,expected_indicator_focus=EMI,EMI_raw,25,0.0,0.003693,0.0002866,0.0,0.0009724102837794342,0.0,0.0,0.0,0.0,0.0,0.00277759999999999,0.0036399599999999994
by_expected_indicator_focus,expected_indicator_focus=EMI,MTI_raw,25,0.0,0.076923,0.005873079999999999,0.0,0.016192590332420567,0.0,0.0,0.0,0.0,0.018398800000000007,0.026938399999999977,0.06531851999999991
by_expected_indicator_focus,expected_indicator_focus=EMI,EVI_raw,25,-2.0,4.0,0.2,0.0,0.9797958971132712,0.0,0.0,0.0,0.0,0.6000000000000014,1.7999999999999972,3.519999999999996
by_expected_indicator_focus,expected_indicator_focus=EMI,EVI_norm,25,-0.2,0.4,0.020000000000000004,0.0,0.09797958971132714,0.0,0.0,0.0,0.0,0.060000000000000143,0.17999999999999972,0.35199999999999965
by_expected_indicator_focus,expected_indicator_focus=EMI,IP_context,25,-0.20184660000000001,0.41142839999999997,0.020690967999999997,0.0,0.10048852817241466,0.0,0.0,0.0,0.0,0.060000000000000143,0.1861539199999997,0.3625317599999996
by_expected_indicator_focus,expected_indicator_focus=EMI,IP_abs_context,25,0.0,0.41142839999999997,0.036838696,0.0,0.09575474363212917,0.0,0.0,0.0,0.0,0.16110796000000016,0.20652324,0.3625317599999996
by_expected_indicator_focus,expected_indicator_focus=IDI,IDI_raw,49,0.0,0.018868,0.001878612244897959,0.0,0.0051681145017024544,0.0,0.0,0.0,0.0,0.009874800000000015,0.0156778,0.018868
by_expected_indicator_focus,expected_indicator_focus=IDI,EMI_raw,49,0.0,0.044444,0.0042971836734693875,0.0,0.008991620924161288,0.0,0.0,0.0,0.005128,0.0133874,0.02359419999999993,0.03743935999999994
by_expected_indicator_focus,expected_indicator_focus=IDI,MTI_raw,49,0.0,0.078947,0.009609979591836735,0.0,0.016492367014297172,0.0,0.0,0.0,0.015873,0.023256,0.047579199999999926,0.0669983599999999
by_expected_indicator_focus,expected_indicator_focus=IDI,EVI_raw,49,-5.0,4.0,0.24489795918367346,0.0,1.900919350562452,-2.1999999999999993,0.0,0.0,1.0,3.0,3.0,4.0
by_expected_indicator_focus,expected_indicator_focus=IDI,EVI_norm,49,-0.5,0.4,0.024489795918367346,0.0,0.19009193505624516,-0.21999999999999995,0.0,0.0,0.1,0.3,0.3,0.4
by_expected_indicator_focus,expected_indicator_focus=IDI,IP_context,49,-0.5157235,0.4,0.024111108163265303,0.0,0.19403477672472483,-0.22172109999999992,0.0,0.0,0.1,0.30318054,0.3119999399999999,0.4
by_expected_indicator_focus,expected_indicator_focus=IDI,IP_abs_context,49,0.0,0.5157235,0.12058554081632653,0.0,0.1539154555641133,0.0,0.0,0.0,0.3,0.31386653999999997,0.4,0.5157235
by_expected_indicator_focus,expected_indicator_focus=IP,IDI_raw,4,0.0,0.022727,0.00729475,0.003226,0.009291008055507219,0.0,0.0,0.003226,0.01052075,0.017844500000000003,0.020285749999999995,0.022238749999999998
by_expected_indicator_focus,expected_indicator_focus=IP,EMI_raw,4,0.0,0.010417,0.00475475,0.004301,0.004797856363783726,0.0,0.0,0.004301,0.00905575,0.0098725,0.01014475,0.010362549999999998
by_expected_indicator_focus,expected_indicator_focus=IP,MTI_raw,4,0.0,0.016393,0.00571125,0.003226,0.006706065291025729,0.0,0.0,0.003226,0.00893725,0.013410700000000003,0.014901849999999998,0.016094769999999998
by_expected_indicator_focus,expected_indicator_focus=IP,EVI_raw,4,-6.0,0.0,-2.5,-2.0,2.598076211353316,-5.4,-4.5,-2.0,0.0,0.0,0.0,0.0
by_expected_indicator_focus,expected_indicator_focus=IP,EVI_norm,4,-0.6,0.0,-0.25,-0.2,0.2598076211353316,-0.54,-0.45,-0.2,0.0,0.0,0.0,0.0
by_expected_indicator_focus,expected_indicator_focus=IP,IP_context,4,-0.6129036,0.0,-0.2542676,-0.2020834,0.26476101274364394,-0.55028256,-0.456351,-0.2020834,0.0,0.0,0.0,0.0
by_expected_indicator_focus,expected_indicator_focus=IP,IP_abs_context,4,0.0,0.6129036,0.2542676,0.2020834,0.26476101274364394,0.0,0.0,0.2020834,0.456351,0.5502825600000001,0.5815930799999999,0.606641496
by_expected_indicator_focus,expected_indicator_focus=MTI,IDI_raw,32,0.0,0.034483,0.0018836875,0.0,0.006653112285978926,0.0,0.0,0.0,0.0,0.0,0.012694749999999998,0.028420020000000025
by_expected_indicator_focus,expected_indicator_focus=MTI,EMI_raw,32,0.0,0.017544,0.00092,0.0,0.003423992881125777,0.0,0.0,0.0,0.0,0.0,0.005603799999999996,0.01501626000000001
by_expected_indicator_focus,expected_indicator_focus=MTI,MTI_raw,32,0.0,0.025316,0.00249365625,0.0,0.006516680839437047,0.0,0.0,0.0,0.0,0.007951900000000001,0.019048099999999995,0.024849140000000002
by_expected_indicator_focus,expected_indicator_focus=MTI,EVI_raw,32,-4.0,4.0,0.28125,0.0,1.3284007066770176,0.0,0.0,0.0,0.0,1.9000000000000021,3.0,3.6900000000000013
by_expected_indicator_focus,expected_indicator_focus=MTI,EVI_norm,32,-0.4,0.4,0.028124999999999997,0.0,0.13284007066770176,0.0,0.0,0.0,0.0,0.19000000000000022,0.3,0.36900000000000016
by_expected_indicator_focus,expected_indicator_focus=MTI,IP_context,32,-0.4,0.4101264,0.028668568749999995,0.0,0.13398979398534763,0.0,0.0,0.0,0.0,0.19034483000000021,0.30126765,0.37686048600000016
by_expected_indicator_focus,expected_indicator_focus=MTI,IP_abs_context,32,0.0,0.4101264,0.06616856874999999,0.0,0.11998696694218876,0.0,0.0,0.0,0.1,0.2900000000000002,0.3465493499999999,0.40698721600000004
by_expected_indicator_focus,expected_indicator_focus=mixed,IDI_raw,27,0.0,0.011236,0.00041614814814814813,0.0,0.0021219475279529087,0.0,0.0,0.0,0.0,0.0,0.0,0.008314639999999983
by_expected_indicator_focus,expected_indicator_focus=mixed,EMI_raw,27,0.0,0.009259,0.0006635925925925927,0.0,0.00234757918273365,0.0,0.0,0.0,0.0,0.0,0.006060599999999994,0.00910274
by_expected_indicator_focus,expected_indicator_focus=mixed,MTI_raw,27,0.0,0.016393,0.0023395555555555557,0.0,0.005252581709719893,0.0,0.0,0.0,0.0,0.013347800000000002,0.015104199999999998,0.01619332
by_expected_indicator_focus,expected_indicator_focus=mixed,EVI_raw,27,-3.0,3.0,0.5555555555555556,0.0,1.3698697784375502,0.0,0.0,0.0,1.5,3.0,3.0,3.0
by_expected_indicator_focus,expected_indicator_focus=mixed,EVI_norm,27,-0.3,0.3,0.055555555555555546,0.0,0.13698697784375502,0.0,0.0,0.0,0.15000000000000002,0.3,0.3,0.3
by_expected_indicator_focus,expected_indicator_focus=mixed,IP_context,27,-0.3025974,0.30694439999999995,0.055700725925925926,0.0,0.13771902426406588,0.0,0.0,0.0,0.15000000000000002,0.3,0.3,0.30513885599999996
by_expected_indicator_focus,expected_indicator_focus=mixed,IP_abs_context,27,0.0,0.30694439999999995,0.08555441481481482,0.0,0.12144769499095515,0.0,0.0,0.0,0.2,0.3,0.30181818,0.30581417999999994
by_expected_indicator_focus,expected_indicator_focus=neutral_baseline,IDI_raw,34,0.0,0.0,0.0,0.0,0.0,0.0,0.0,0.0,0.0,0.0,0.0,0.0
by_expected_indicator_focus,expected_indicator_focus=neutral_baseline,EMI_raw,34,0.0,0.004566,0.00013429411764705881,0.0,0.0007714609718850776,0.0,0.0,0.0,0.0,0.0,0.0,0.0030592200000000075
by_expected_indicator_focus,expected_indicator_focus=neutral_baseline,MTI_raw,34,0.0,0.045455,0.0070115,0.0,0.011999444085775269,0.0,0.0,0.0,0.01497275,0.023533799999999997,0.02894744999999998,0.04203389000000002
by_expected_indicator_focus,expected_indicator_focus=neutral_baseline,EVI_raw,34,0.0,3.0,0.14705882352941177,0.0,0.549457108596159,0.0,0.0,0.0,0.0,0.0,1.0,2.3400000000000034
by_expected_indicator_focus,expected_indicator_focus=neutral_baseline,EVI_norm,34,0.0,0.3,0.014705882352941176,0.0,0.054945710859615894,0.0,0.0,0.0,0.0,0.0,0.1,0.23400000000000032
by_expected_indicator_focus,expected_indicator_focus=neutral_baseline,IP_context,34,0.0,0.30722879999999997,0.015021694117647059,0.0,0.0562116439751689,0.0,0.0,0.0,0.0,0.0,0.10122808,0.24000120000000033
by_expected_indicator_focus,expected_indicator_focus=neutral_baseline,IP_abs_context,34,0.0,0.30722879999999997,0.015021694117647059,0.0,0.0562116439751689,0.0,0.0,0.0,0.0,0.0,0.10122808,0.24000120000000033
by_language,language=id,IDI_raw,171,0.0,0.034483,0.0012621169590643275,0.0,0.004809972977554044,0.0,0.0,0.0,0.0,0.0,0.012761,0.022832000000000005
by_language,language=id,EMI_raw,171,0.0,0.044444,0.001688122807017544,0.0,0.005499128990266104,0.0,0.0,0.0,0.0,0.00565,0.011498,0.028955000000000015
by_language,language=id,MTI_raw,171,0.0,0.078947,0.005976122807017545,0.0,0.012907994589786118,0.0,0.0,0.0,0.0069855,0.020408,0.0254785,0.06091470000000026
by_language,language=id,EVI_raw,171,-6.0,4.0,0.21052631578947367,0.0,1.4876117140842158,0.0,0.0,0.0,0.0,2.0,3.0,4.0
by_language,language=id,EVI_norm,171,-0.6,0.4,0.021052631578947368,0.0,0.14876117140842157,0.0,0.0,0.0,0.0,0.2,0.3,0.4
by_language,language=id,IP_context,171,-0.6129036,0.41142839999999997,0.021132745614035088,0.0,0.15123025870125553,0.0,0.0,0.0,0.0,0.2076924,0.30375225,0.4030379200000001
by_language,language=id,IP_abs_context,171,0.0,0.6129036,0.07476508947368421,0.0,0.13314415300728827,0.0,0.0,0.0,0.1,0.302817,0.35799995,0.5157235
by_ref_country,ref_country=China,IDI_raw,39,0.0,0.034483,0.002041179487179487,0.0,0.006674566544542645,0.0,0.0,0.0,0.0,0.002174000000000031,0.015733300000000006,0.028549299999999958
by_ref_country,ref_country=China,EMI_raw,39,0.0,0.029851,0.0024865641025641023,0.0,0.006776751690645016,0.0,0.0,0.0,0.0,0.006816400000000009,0.014178200000000023,0.029364599999999994
by_ref_country,ref_country=China,MTI_raw,39,0.0,0.045455,0.0043824871794871795,0.0,0.009922682722111081,0.0,0.0,0.0,0.0,0.021277,0.023960600000000002,0.03780217999999995
by_ref_country,ref_country=China,EVI_raw,39,-5.0,4.0,0.23076923076923078,0.0,1.7016061562089289,-1.1999999999999997,0.0,0.0,0.5,3.0,3.1000000000000014,4.0
by_ref_country,ref_country=China,EVI_norm,39,-0.5,0.4,0.02307692307692308,0.0,0.17016061562089288,-0.11999999999999998,0.0,0.0,0.05,0.3,0.3100000000000001,0.4
by_ref_country,ref_country=China,IP_context,39,-0.5157235,0.4101264,0.022898692307692314,0.0,0.1730399611071524,-0.12011111999999997,0.0,0.0,0.05050125,0.30037038,0.3125353000000001,0.406278368
by_ref_country,ref_country=China,IP_abs_context,39,0.0,0.5157235,0.09629528205128206,0.0,0.14558295540354718,0.0,0.0,0.0,0.15172415,0.30682074,0.40101264000000003,0.47559660199999976
by_ref_country,ref_country=Russia,IDI_raw,8,0.0,0.023077,0.002884625,0.0,0.007632000375679694,0.0,0.0,0.0,0.0,0.006923099999999996,0.015000049999999989,0.021461609999999992
by_ref_country,ref_country=Russia,EMI_raw,8,0.0,0.010417,0.00176375,0.0,0.0034868615096530576,0.0,0.0,0.0,0.00092325,0.005710199999999999,0.008063599999999995,0.009946319999999998
by_ref_country,ref_country=Russia,MTI_raw,8,0.0,0.015625,0.00456875,0.0,0.006562608451484821,0.0,0.0,0.0,0.00800125,0.015457,0.015541,0.0156082
by_ref_country,ref_country=Russia,EVI_raw,8,-4.0,3.0,-0.125,0.0,2.027159342528357,-2.5999999999999996,-0.5,0.0,0.5,2.3,2.6499999999999995,2.9299999999999997
by_ref_country,ref_country=Russia,EVI_norm,8,-0.4,0.3,-0.012500000000000004,0.0,0.2027159342528357,-0.26,-0.05,0.0,0.05,0.22999999999999998,0.26499999999999996,0.293
by_ref_country,ref_country=Russia,IP_context,8,-0.4041668,0.3046875,-0.011704187500000001,0.0,0.20584203706590423,-0.26254266,-0.050461650000000004,0.0,0.0519231,0.23679092999999998,0.270739215,0.297897843
by_ref_country,ref_country=Russia,IP_abs_context,8,0.0,0.4041668,0.13979916250000002,0.10092330000000001,0.15153919094668167,0.0,0.0,0.10092330000000001,0.231941175,0.33453129,0.36934904499999993,0.397203249
by_ref_country,ref_country=USA,IDI_raw,124,0.0,0.022727,0.0009124112903225807,0.0,0.003694929160375759,0.0,0.0,0.0,0.0,0.0,0.008423999999999987,0.018179149999999988
by_ref_country,ref_country=USA,EMI_raw,124,0.0,0.044444,0.0014321209677419355,0.0,0.0051193503802740405,0.0,0.0,0.0,0.0,0.0047032,0.009239949999999999,0.017218549999999996
by_ref_country,ref_country=USA,MTI_raw,124,0.0,0.078947,0.006568145161290322,0.0,0.013955161332554986,0.0,0.0,0.0,0.0089155,0.020408,0.028131499999999983,0.07166312999999991
by_ref_country,ref_country=USA,EVI_raw,124,-6.0,4.0,0.22580645161290322,0.0,1.3668819572734388,0.0,0.0,0.0,0.0,2.0,3.0,3.769999999999996
by_ref_country,ref_country=USA,EVI_norm,124,-0.6,0.4,0.022580645161290325,0.0,0.1366881957273439,0.0,0.0,0.0,0.0,0.2,0.3,0.3769999999999996
by_ref_country,ref_country=USA,IP_context,124,-0.6129036,0.41142839999999997,0.022695838709677417,0.0,0.1389790693532847,0.0,0.0,0.0,0.0,0.2,0.30238323,0.38067997699999967
by_ref_country,ref_country=USA,IP_abs_context,124,0.0,0.6129036,0.06379775,0.0,0.12553935601228128,0.0,0.0,0.0,0.1,0.3,0.31241753999999994,0.49173562699999956
by_calibration_type_language,calibration_type=analytical_article|language=id,IDI_raw,23,0.0,0.0,0.0,0.0,0.0,0.0,0.0,0.0,0.0,0.0,0.0,0.0
by_calibration_type_language,calibration_type=analytical_article|language=id,EMI_raw,23,0.0,0.029851,0.002800478260869565,0.0,0.006754124259324591,0.0,0.0,0.0,0.0,0.008540200000000001,0.013157699999999994,0.02627688000000002
by_calibration_type_language,calibration_type=analytical_article|language=id,MTI_raw,23,0.0,0.054054,0.009886,0.0,0.015679509092803395,0.0,0.0,0.0,0.017403000000000002,0.022686400000000002,0.04969439999999996,0.053741159999999996
by_calibration_type_language,calibration_type=analytical_article|language=id,EVI_raw,23,0.0,4.0,0.8695652173913043,0.0,1.392662380699736,0.0,0.0,0.0,1.0,3.0,3.8999999999999986,4.0
by_calibration_type_language,calibration_type=analytical_article|language=id,EVI_norm,23,0.0,0.4,0.08695652173913043,0.0,0.13926623806997365,0.0,0.0,0.0,0.1,0.3,0.3899999999999999,0.4
by_calibration_type_language,calibration_type=analytical_article|language=id,IP_context,23,0.0,0.4,0.0874276956521739,0.0,0.13980633423379235,0.0,0.0,0.0,0.10149255000000001,0.30517038,0.3905999999999999,0.4
by_calibration_type_language,calibration_type=analytical_article|language=id,IP_abs_context,23,0.0,0.4,0.0874276956521739,0.0,0.13980633423379235,0.0,0.0,0.0,0.10149255000000001,0.30517038,0.3905999999999999,0.4
by_calibration_type_language,calibration_type=crisis_report|language=id,IDI_raw,19,0.0,0.023077,0.0012145789473684211,0.0,0.005153022059823776,0.0,0.0,0.0,0.0,0.0,0.0023076999999999508,0.018923140000000005
by_calibration_type_language,calibration_type=crisis_report|language=id,EMI_raw,19,0.0,0.003693,0.00019436842105263158,0.0,0.0008246353714490273,0.0,0.0,0.0,0.0,0.0,0.0003692999999999921,0.0030282600000000014
by_calibration_type_language,calibration_type=crisis_report|language=id,MTI_raw,19,0.0,0.020408,0.0021754210526315786,0.0,0.005591156601142929,0.0,0.0,0.0,0.0,0.007508999999999993,0.01588729999999999,0.01950386
by_calibration_type_language,calibration_type=crisis_report|language=id,EVI_raw,19,-2.0,2.0,0.05263157894736842,0.0,0.6862318321265947,0.0,0.0,0.0,0.0,0.1999999999999993,1.0999999999999979,1.8200000000000003
by_calibration_type_language,calibration_type=crisis_report|language=id,EVI_norm,19,-0.2,0.2,0.005263157894736842,0.0,0.06862318321265946,0.0,0.0,0.0,0.0,0.01999999999999993,0.10999999999999979,0.18200000000000005
by_calibration_type_language,calibration_type=crisis_report|language=id,IP_context,19,-0.20184660000000001,0.2076924,0.0055708315789473675,0.0,0.07007084153092237,0.0,0.0,0.0,0.0,0.01999999999999993,0.11076923999999977,0.18830776800000004
by_calibration_type_language,calibration_type=crisis_report|language=id,IP_abs_context,19,0.0,0.2076924,0.026817842105263157,0.0,0.0649750747760232,0.0,0.0,0.0,0.0,0.12036931999999993,0.20243118,0.206640156
by_calibration_type_language,calibration_type=highly_emotional_text|language=id,IDI_raw,6,0.0,0.0,0.0,0.0,0.0,0.0,0.0,0.0,0.0,0.0,0.0,0.0
by_calibration_type_language,calibration_type=highly_emotional_text|language=id,EMI_raw,6,0.0,0.003472,0.0005786666666666667,0.0,0.0012939380029798784,0.0,0.0,0.0,0.0,0.001736,0.002604,0.0032984000000000004
by_calibration_type_language,calibration_type=highly_emotional_text|language=id,MTI_raw,6,0.0,0.076923,0.017582333333333335,0.0,0.02851496477680136,0.0,0.0,0.0,0.02142825,0.052747,0.064835,0.07450540000000001
by_calibration_type_language,calibration_type=highly_emotional_text|language=id,EVI_raw,6,0.0,4.0,0.6666666666666666,0.0,1.4907119849998598,0.0,0.0,0.0,0.0,2.0,3.0,3.8000000000000007
by_calibration_type_language,calibration_type=highly_emotional_text|language=id,EVI_norm,6,0.0,0.4,0.06666666666666667,0.0,0.14907119849998599,0.0,0.0,0.0,0.0,0.2,0.30000000000000004,0.3800000000000001
by_calibration_type_language,calibration_type=highly_emotional_text|language=id,IP_context,6,0.0,0.41142839999999997,0.06857139999999999,0.0,0.15333031171232905,0.0,0.0,0.0,0.0,0.20571419999999999,0.3085713,0.39085698
by_calibration_type_language,calibration_type=highly_emotional_text|language=id,IP_abs_context,6,0.0,0.41142839999999997,0.06857139999999999,0.0,0.15333031171232905,0.0,0.0,0.0,0.0,0.20571419999999999,0.3085713,0.39085698
by_calibration_type_language,calibration_type=highly_metaphorical_text|language=id,IDI_raw,19,0.0,0.0,0.0,0.0,0.0,0.0,0.0,0.0,0.0,0.0,0.0,0.0
by_calibration_type_language,calibration_type=highly_metaphorical_text|language=id,EMI_raw,19,0.0,0.017544,0.001417578947368421,0.0,0.004339433413365214,0.0,0.0,0.0,0.0,0.0018779999999999934,0.010205399999999983,0.016076280000000002
by_calibration_type_language,calibration_type=highly_metaphorical_text|language=id,MTI_raw,19,0.0,0.025316,0.001332421052631579,0.0,0.005652983770269045,0.0,0.0,0.0,0.0,0.0,0.0025315999999999464,0.02075912000000001
by_calibration_type_language,calibration_type=highly_metaphorical_text|language=id,EVI_raw,19,-4.0,4.0,0.05263157894736842,0.0,1.5034586165353367,-1.0,0.0,0.0,0.0,0.5999999999999979,3.099999999999998,3.8200000000000003
by_calibration_type_language,calibration_type=highly_metaphorical_text|language=id,EVI_norm,19,-0.4,0.4,0.005263157894736839,0.0,0.1503458616535337,-0.1,0.0,0.0,0.0,0.05999999999999978,0.3099999999999998,0.38200000000000006
by_calibration_type_language,calibration_type=highly_metaphorical_text|language=id,IP_context,19,-0.4,0.4101264,0.00594438947368421,0.0,0.1520440413875771,-0.1,0.0,0.0,0.0,0.06056339999999979,0.31354793999999975,0.39081070800000006
by_calibration_type_language,calibration_type=highly_metaphorical_text|language=id,IP_abs_context,19,0.0,0.4101264,0.06910228421052632,0.0,0.1355640092523445,0.0,0.0,0.0,0.05,0.3222535999999999,0.40101264,0.408303648
by_calibration_type_language,calibration_type=ideological_mobilization|language=id,IDI_raw,26,0.0,0.018868,0.0035404615384615383,0.0,0.006667326809672844,0.0,0.0,0.0,0.0,0.015629,0.01811925,0.018868
by_calibration_type_language,calibration_type=ideological_mobilization|language=id,EMI_raw,26,0.0,0.044444,0.005621192307692308,0.0,0.010405793002048393,0.0,0.0,0.0,0.005667999999999999,0.014731000000000001,0.0254605,0.04047575
by_calibration_type_language,calibration_type=ideological_mobilization|language=id,MTI_raw,26,0.0,0.078947,0.009365807692307694,0.0,0.017175705973664867,0.0,0.0,0.0,0.01529025,0.0222665,0.035814,0.06921025
by_calibration_type_language,calibration_type=ideological_mobilization|language=id,EVI_raw,26,-5.0,3.0,-0.3076923076923077,0.0,2.1080291701607266,-3.0,-1.0,0.0,1.0,2.5,3.0,3.0
by_calibration_type_language,calibration_type=ideological_mobilization|language=id,EVI_norm,26,-0.5,0.3,-0.030769230769230767,0.0,0.21080291701607262,-0.3,-0.1,0.0,0.1,0.25,0.3,0.3
by_calibration_type_language,calibration_type=ideological_mobilization|language=id,IP_context,26,-0.5157235,0.3159999,-0.03189971923076922,0.0,0.2167502347652513,-0.31095224999999993,-0.10250005000000001,0.0,0.1,0.2545765,0.304216575,0.3131718
by_calibration_type_language,calibration_type=ideological_mobilization|language=id,IP_abs_context,26,0.0,0.5157235,0.14991748076923078,0.10102565000000001,0.15975921043120106,0.0,0.0,0.10102565000000001,0.304216575,0.31466655,0.4657926,0.5157235
by_calibration_type_language,calibration_type=neutral_news|language=id,IDI_raw,34,0.0,0.0,0.0,0.0,0.0,0.0,0.0,0.0,0.0,0.0,0.0,0.0
by_calibration_type_language,calibration_type=neutral_news|language=id,EMI_raw,34,0.0,0.004566,0.00013429411764705881,0.0,0.0007714609718850776,0.0,0.0,0.0,0.0,0.0,0.0,0.0030592200000000075
by_calibration_type_language,calibration_type=neutral_news|language=id,MTI_raw,34,0.0,0.045455,0.0070115,0.0,0.011999444085775269,0.0,0.0,0.0,0.01497275,0.023533799999999997,0.02894744999999998,0.04203389000000002
by_calibration_type_language,calibration_type=neutral_news|language=id,EVI_raw,34,0.0,3.0,0.14705882352941177,0.0,0.549457108596159,0.0,0.0,0.0,0.0,0.0,1.0,2.3400000000000034
by_calibration_type_language,calibration_type=neutral_news|language=id,EVI_norm,34,0.0,0.3,0.014705882352941176,0.0,0.054945710859615894,0.0,0.0,0.0,0.0,0.0,0.1,0.23400000000000032
by_calibration_type_language,calibration_type=neutral_news|language=id,IP_context,34,0.0,0.30722879999999997,0.015021694117647059,0.0,0.0562116439751689,0.0,0.0,0.0,0.0,0.0,0.10122808,0.24000120000000033
by_calibration_type_language,calibration_type=neutral_news|language=id,IP_abs_context,34,0.0,0.30722879999999997,0.015021694117647059,0.0,0.0562116439751689,0.0,0.0,0.0,0.0,0.0,0.10122808,0.24000120000000033
by_calibration_type_language,calibration_type=opinion_editorial|language=id,IDI_raw,13,0.0,0.034483,0.004636769230769231,0.0,0.009807746696078458,0.0,0.0,0.0,0.0,0.014114000000000003,0.022748199999999972,0.03213603999999998
by_calibration_type_language,calibration_type=opinion_editorial|language=id,EMI_raw,13,0.0,0.002506,0.00019276923076923076,0.0,0.0006677722036565548,0.0,0.0,0.0,0.0,0.0,0.0010023999999999964,0.0022052799999999974
by_calibration_type_language,calibration_type=opinion_editorial|language=id,MTI_raw,13,0.0,0.02381,0.004190846153846154,0.0,0.007278593882022014,0.0,0.0,0.0,0.007519,0.013721600000000006,0.018615199999999988,0.022771039999999992
by_calibration_type_language,calibration_type=opinion_editorial|language=id,EVI_raw,13,0.0,3.0,0.6153846153846154,0.0,0.923076923076923,0.0,0.0,0.0,1.0,1.8000000000000007,2.3999999999999986,2.879999999999999
by_calibration_type_language,calibration_type=opinion_editorial|language=id,EVI_norm,13,0.0,0.3,0.061538461538461535,0.0,0.0923076923076923,0.0,0.0,0.0,0.1,0.18000000000000008,0.23999999999999985,0.28799999999999987
by_calibration_type_language,calibration_type=opinion_editorial|language=id,IP_context,13,0.0,0.3,0.061880830769230774,0.0,0.092454966984834,0.0,0.0,0.0,0.1010025,0.18068966000000009,0.23999999999999985,0.28799999999999987
by_calibration_type_language,calibration_type=opinion_editorial|language=id,IP_abs_context,13,0.0,0.3,0.061880830769230774,0.0,0.092454966984834,0.0,0.0,0.0,0.1010025,0.18068966000000009,0.23999999999999985,0.28799999999999987
by_calibration_type_language,calibration_type=propaganda_like_text|language=id,IDI_raw,4,0.0,0.022727,0.00729475,0.003226,0.009291008055507219,0.0,0.0,0.003226,0.01052075,0.017844500000000003,0.020285749999999995,0.022238749999999998
by_calibration_type_language,calibration_type=propaganda_like_text|language=id,EMI_raw,4,0.0,0.010417,0.00475475,0.004301,0.004797856363783726,0.0,0.0,0.004301,0.00905575,0.0098725,0.01014475,0.010362549999999998
by_calibration_type_language,calibration_type=propaganda_like_text|language=id,MTI_raw,4,0.0,0.016393,0.00571125,0.003226,0.006706065291025729,0.0,0.0,0.003226,0.00893725,0.013410700000000003,0.014901849999999998,0.016094769999999998
by_calibration_type_language,calibration_type=propaganda_like_text|language=id,EVI_raw,4,-6.0,0.0,-2.5,-2.0,2.598076211353316,-5.4,-4.5,-2.0,0.0,0.0,0.0,0.0
by_calibration_type_language,calibration_type=propaganda_like_text|language=id,EVI_norm,4,-0.6,0.0,-0.25,-0.2,0.2598076211353316,-0.54,-0.45,-0.2,0.0,0.0,0.0,0.0
by_calibration_type_language,calibration_type=propaganda_like_text|language=id,IP_context,4,-0.6129036,0.0,-0.2542676,-0.2020834,0.26476101274364394,-0.55028256,-0.456351,-0.2020834,0.0,0.0,0.0,0.0
by_calibration_type_language,calibration_type=propaganda_like_text|language=id,IP_abs_context,4,0.0,0.6129036,0.2542676,0.2020834,0.26476101274364394,0.0,0.0,0.2020834,0.456351,0.5502825600000001,0.5815930799999999,0.606641496
by_calibration_type_language,calibration_type=standard_political_news|language=id,IDI_raw,27,0.0,0.011236,0.00041614814814814813,0.0,0.0021219475279529087,0.0,0.0,0.0,0.0,0.0,0.0,0.008314639999999983
by_calibration_type_language,calibration_type=standard_political_news|language=id,EMI_raw,27,0.0,0.009259,0.0006635925925925927,0.0,0.00234757918273365,0.0,0.0,0.0,0.0,0.0,0.006060599999999994,0.00910274
by_calibration_type_language,calibration_type=standard_political_news|language=id,MTI_raw,27,0.0,0.016393,0.0023395555555555557,0.0,0.005252581709719893,0.0,0.0,0.0,0.0,0.013347800000000002,0.015104199999999998,0.01619332
by_calibration_type_language,calibration_type=standard_political_news|language=id,EVI_raw,27,-3.0,3.0,0.5555555555555556,0.0,1.3698697784375502,0.0,0.0,0.0,1.5,3.0,3.0,3.0
by_calibration_type_language,calibration_type=standard_political_news|language=id,EVI_norm,27,-0.3,0.3,0.055555555555555546,0.0,0.13698697784375502,0.0,0.0,0.0,0.15000000000000002,0.3,0.3,0.3
by_calibration_type_language,calibration_type=standard_political_news|language=id,IP_context,27,-0.3025974,0.30694439999999995,0.055700725925925926,0.0,0.13771902426406588,0.0,0.0,0.0,0.15000000000000002,0.3,0.3,0.30513885599999996
by_calibration_type_language,calibration_type=standard_political_news|language=id,IP_abs_context,27,0.0,0.30694439999999995,0.08555441481481482,0.0,0.12144769499095515,0.0,0.0,0.0,0.2,0.3,0.30181818,0.30581417999999994
by_calibration_type_ref_country,calibration_type=analytical_article|ref_country=China,IDI_raw,7,0.0,0.0,0.0,0.0,0.0,0.0,0.0,0.0,0.0,0.0,0.0,0.0
by_calibration_type_ref_country,calibration_type=analytical_article|ref_country=China,EMI_raw,7,0.0,0.029851,0.005146285714285714,0.0,0.010308098989411684,0.0,0.0,0.0,0.0030865,0.015644200000000007,0.022747599999999982,0.028430319999999988
by_calibration_type_ref_country,calibration_type=analytical_article|ref_country=China,MTI_raw,7,0.0,0.011111,0.0015872857142857143,0.0,0.0038880400760091275,0.0,0.0,0.0,0.0,0.004444400000000004,0.0077776999999999916,0.010444339999999995
by_calibration_type_ref_country,calibration_type=analytical_article|ref_country=China,EVI_raw,7,0.0,4.0,1.5714285714285714,1.0,1.5907898179514348,0.0,0.0,1.0,3.0,3.4000000000000004,3.6999999999999993,3.9399999999999995
by_calibration_type_ref_country,calibration_type=analytical_article|ref_country=China,EVI_norm,7,0.0,0.4,0.15714285714285717,0.1,0.1590789817951435,0.0,0.0,0.1,0.3,0.34,0.36999999999999994,0.39399999999999996
by_calibration_type_ref_country,calibration_type=analytical_article|ref_country=China,IP_context,7,0.0,0.4,0.1578338571428571,0.10298510000000001,0.15916739397406976,0.0,0.0,0.10298510000000001,0.30092595,0.34111114000000003,0.37055556999999995,0.394111114
by_calibration_type_ref_country,calibration_type=analytical_article|ref_country=China,IP_abs_context,7,0.0,0.4,0.1578338571428571,0.10298510000000001,0.15916739397406976,0.0,0.0,0.10298510000000001,0.30092595,0.34111114000000003,0.37055556999999995,0.394111114
by_calibration_type_ref_country,calibration_type=analytical_article|ref_country=USA,IDI_raw,16,0.0,0.0,0.0,0.0,0.0,0.0,0.0,0.0,0.0,0.0,0.0,0.0
by_calibration_type_ref_country,calibration_type=analytical_article|ref_country=USA,EMI_raw,16,0.0,0.013605,0.0017741875000000002,0.0,0.003953227229409379,0.0,0.0,0.0,0.0,0.007391,0.010250249999999999,0.012934049999999999
by_calibration_type_ref_country,calibration_type=analytical_article|ref_country=USA,MTI_raw,16,0.0,0.054054,0.0135166875,0.0055555,0.017420663476597088,0.0,0.0,0.0055555,0.020102000000000002,0.037944,0.0529875,0.0538407
by_calibration_type_ref_country,calibration_type=analytical_article|ref_country=USA,EVI_raw,16,0.0,4.0,0.5625,0.0,1.1709371246996996,0.0,0.0,0.0,0.25,2.0,3.25,3.8499999999999996
by_calibration_type_ref_country,calibration_type=analytical_article|ref_country=USA,EVI_norm,16,0.0,0.4,0.05625000000000001,0.0,0.11709371246996997,0.0,0.0,0.0,0.025,0.2,0.325,0.385
by_calibration_type_ref_country,calibration_type=analytical_article|ref_country=USA,IP_context,16,0.0,0.4,0.05662500000000001,0.0,0.11788069975615177,0.0,0.0,0.0,0.025,0.203,0.3295,0.38589999999999997
by_calibration_type_ref_country,calibration_type=analytical_article|ref_country=USA,IP_abs_context,16,0.0,0.4,0.05662500000000001,0.0,0.11788069975615177,0.0,0.0,0.0,0.025,0.203,0.3295,0.38589999999999997
by_calibration_type_ref_country,calibration_type=crisis_report|ref_country=China,IDI_raw,2,0.0,0.0,0.0,0.0,0.0,0.0,0.0,0.0,0.0,0.0,0.0,0.0
by_calibration_type_ref_country,calibration_type=crisis_report|ref_country=China,EMI_raw,2,0.0,0.0,0.0,0.0,0.0,0.0,0.0,0.0,0.0,0.0,0.0,0.0
by_calibration_type_ref_country,calibration_type=crisis_report|ref_country=China,MTI_raw,2,0.0,0.0,0.0,0.0,0.0,0.0,0.0,0.0,0.0,0.0,0.0,0.0
by_calibration_type_ref_country,calibration_type=crisis_report|ref_country=China,EVI_raw,2,0.0,0.0,0.0,0.0,0.0,0.0,0.0,0.0,0.0,0.0,0.0,0.0
by_calibration_type_ref_country,calibration_type=crisis_report|ref_country=China,EVI_norm,2,0.0,0.0,0.0,0.0,0.0,0.0,0.0,0.0,0.0,0.0,0.0,0.0
by_calibration_type_ref_country,calibration_type=crisis_report|ref_country=China,IP_context,2,0.0,0.0,0.0,0.0,0.0,0.0,0.0,0.0,0.0,0.0,0.0,0.0
by_calibration_type_ref_country,calibration_type=crisis_report|ref_country=China,IP_abs_context,2,0.0,0.0,0.0,0.0,0.0,0.0,0.0,0.0,0.0,0.0,0.0,0.0
by_calibration_type_ref_country,calibration_type=crisis_report|ref_country=Russia,IDI_raw,6,0.0,0.023077,0.0038461666666666666,0.0,0.008600290119460442,0.0,0.0,0.0,0.0,0.0115385,0.01730775,0.021923150000000006
by_calibration_type_ref_country,calibration_type=crisis_report|ref_country=Russia,EMI_raw,6,0.0,0.003693,0.0006155,0.0,0.0013762998401511206,0.0,0.0,0.0,0.0,0.0018465,0.00276975,0.003508350000000001
by_calibration_type_ref_country,calibration_type=crisis_report|ref_country=Russia,MTI_raw,6,0.0,0.015385,0.0034874999999999997,0.0,0.005692303100093435,0.0,0.0,0.0,0.004155,0.0104625,0.01292375,0.014892750000000001
by_calibration_type_ref_country,calibration_type=crisis_report|ref_country=Russia,EVI_raw,6,-2.0,2.0,0.0,0.0,1.1547005383792515,-1.0,0.0,0.0,0.0,1.0,1.5,1.9000000000000004
by_calibration_type_ref_country,calibration_type=crisis_report|ref_country=Russia,EVI_norm,6,-0.2,0.2,0.0,0.0,0.11547005383792516,-0.1,0.0,0.0,0.0,0.1,0.15000000000000002,0.19000000000000006
by_calibration_type_ref_country,calibration_type=crisis_report|ref_country=Russia,IP_context,6,-0.20184660000000001,0.2076924,0.0009742999999999974,0.0,0.11823175503108292,-0.10092330000000001,0.0,0.0,0.0,0.1038462,0.1557693,0.19730778000000004
by_calibration_type_ref_country,calibration_type=crisis_report|ref_country=Russia,IP_abs_context,6,0.0,0.2076924,0.0682565,0.0,0.0965440177637641,0.0,0.0,0.0,0.15138495000000002,0.2047695,0.20623095,0.20740011
by_calibration_type_ref_country,calibration_type=crisis_report|ref_country=USA,IDI_raw,11,0.0,0.0,0.0,0.0,0.0,0.0,0.0,0.0,0.0,0.0,0.0,0.0
by_calibration_type_ref_country,calibration_type=crisis_report|ref_country=USA,EMI_raw,11,0.0,0.0,0.0,0.0,0.0,0.0,0.0,0.0,0.0,0.0,0.0,0.0
by_calibration_type_ref_country,calibration_type=crisis_report|ref_country=USA,MTI_raw,11,0.0,0.020408,0.001855272727272727,0.0,0.005866887498974208,0.0,0.0,0.0,0.0,0.0,0.010204,0.018367200000000007
by_calibration_type_ref_country,calibration_type=crisis_report|ref_country=USA,EVI_raw,11,0.0,1.0,0.09090909090909091,0.0,0.2874797872880344,0.0,0.0,0.0,0.0,0.0,0.5,0.9000000000000004
by_calibration_type_ref_country,calibration_type=crisis_report|ref_country=USA,EVI_norm,11,0.0,0.1,0.009090909090909092,0.0,0.028747978728803445,0.0,0.0,0.0,0.0,0.0,0.05,0.09000000000000004
by_calibration_type_ref_country,calibration_type=crisis_report|ref_country=USA,IP_context,11,0.0,0.1,0.009090909090909092,0.0,0.028747978728803445,0.0,0.0,0.0,0.0,0.0,0.05,0.09000000000000004
by_calibration_type_ref_country,calibration_type=crisis_report|ref_country=USA,IP_abs_context,11,0.0,0.1,0.009090909090909092,0.0,0.028747978728803445,0.0,0.0,0.0,0.0,0.0,0.05,0.09000000000000004
by_calibration_type_ref_country,calibration_type=highly_emotional_text|ref_country=USA,IDI_raw,6,0.0,0.0,0.0,0.0,0.0,0.0,0.0,0.0,0.0,0.0,0.0,0.0
by_calibration_type_ref_country,calibration_type=highly_emotional_text|ref_country=USA,EMI_raw,6,0.0,0.003472,0.0005786666666666667,0.0,0.0012939380029798784,0.0,0.0,0.0,0.0,0.001736,0.002604,0.0032984000000000004
by_calibration_type_ref_country,calibration_type=highly_emotional_text|ref_country=USA,MTI_raw,6,0.0,0.076923,0.017582333333333335,0.0,0.02851496477680136,0.0,0.0,0.0,0.02142825,0.052747,0.064835,0.07450540000000001
by_calibration_type_ref_country,calibration_type=highly_emotional_text|ref_country=USA,EVI_raw,6,0.0,4.0,0.6666666666666666,0.0,1.4907119849998598,0.0,0.0,0.0,0.0,2.0,3.0,3.8000000000000007
by_calibration_type_ref_country,calibration_type=highly_emotional_text|ref_country=USA,EVI_norm,6,0.0,0.4,0.06666666666666667,0.0,0.14907119849998599,0.0,0.0,0.0,0.0,0.2,0.30000000000000004,0.3800000000000001
by_calibration_type_ref_country,calibration_type=highly_emotional_text|ref_country=USA,IP_context,6,0.0,0.41142839999999997,0.06857139999999999,0.0,0.15333031171232905,0.0,0.0,0.0,0.0,0.20571419999999999,0.3085713,0.39085698
by_calibration_type_ref_country,calibration_type=highly_emotional_text|ref_country=USA,IP_abs_context,6,0.0,0.41142839999999997,0.06857139999999999,0.0,0.15333031171232905,0.0,0.0,0.0,0.0,0.20571419999999999,0.3085713,0.39085698
by_calibration_type_ref_country,calibration_type=highly_metaphorical_text|ref_country=China,IDI_raw,8,0.0,0.0,0.0,0.0,0.0,0.0,0.0,0.0,0.0,0.0,0.0,0.0
by_calibration_type_ref_country,calibration_type=highly_metaphorical_text|ref_country=China,EMI_raw,8,0.0,0.00939,0.00117375,0.0,0.003105450601362064,0.0,0.0,0.0,0.0,0.0028169999999999988,0.006103499999999996,0.008732699999999998
by_calibration_type_ref_country,calibration_type=highly_metaphorical_text|ref_country=China,MTI_raw,8,0.0,0.025316,0.0031645,0.0,0.008372480023863899,0.0,0.0,0.0,0.0,0.007594799999999996,0.016455399999999988,0.023543879999999996
by_calibration_type_ref_country,calibration_type=highly_metaphorical_text|ref_country=China,EVI_raw,8,-1.0,4.0,0.75,0.0,1.6393596310755,-0.29999999999999993,0.0,0.0,0.75,3.3,3.6499999999999995,3.9299999999999997
by_calibration_type_ref_country,calibration_type=highly_metaphorical_text|ref_country=China,EVI_norm,8,-0.1,0.4,0.07500000000000001,0.0,0.16393596310755001,-0.029999999999999995,0.0,0.0,0.075,0.32999999999999996,0.36499999999999994,0.393
by_calibration_type_ref_country,calibration_type=highly_metaphorical_text|ref_country=China,IP_context,8,-0.1,0.4101264,0.076617925,0.0,0.16693537223111038,-0.029999999999999995,0.0,0.0,0.07570425,0.33500982,0.37256810999999995,0.40261474199999997
by_calibration_type_ref_country,calibration_type=highly_metaphorical_text|ref_country=China,IP_abs_context,8,0.0,0.4101264,0.101617925,0.0,0.15300824243137812,0.0,0.0,0.0,0.15070425,0.33500982,0.37256810999999995,0.40261474199999997
by_calibration_type_ref_country,calibration_type=highly_metaphorical_text|ref_country=USA,IDI_raw,11,0.0,0.0,0.0,0.0,0.0,0.0,0.0,0.0,0.0,0.0,0.0,0.0
by_calibration_type_ref_country,calibration_type=highly_metaphorical_text|ref_country=USA,EMI_raw,11,0.0,0.017544,0.001594909090909091,0.0,0.005043545388181277,0.0,0.0,0.0,0.0,0.0,0.008772,0.015789600000000008
by_calibration_type_ref_country,calibration_type=highly_metaphorical_text|ref_country=USA,MTI_raw,11,0.0,0.0,0.0,0.0,0.0,0.0,0.0,0.0,0.0,0.0,0.0,0.0
by_calibration_type_ref_country,calibration_type=highly_metaphorical_text|ref_country=USA,EVI_raw,11,-4.0,0.0,-0.45454545454545453,0.0,1.1570838237598051,-1.0,0.0,0.0,0.0,0.0,0.0,0.0
by_calibration_type_ref_country,calibration_type=highly_metaphorical_text|ref_country=USA,EVI_norm,11,-0.4,0.0,-0.045454545454545456,0.0,0.1157083823759805,-0.1,0.0,0.0,0.0,0.0,0.0,0.0
by_calibration_type_ref_country,calibration_type=highly_metaphorical_text|ref_country=USA,IP_context,11,-0.4,0.0,-0.045454545454545456,0.0,0.1157083823759805,-0.1,0.0,0.0,0.0,0.0,0.0,0.0
by_calibration_type_ref_country,calibration_type=highly_metaphorical_text|ref_country=USA,IP_abs_context,11,0.0,0.4,0.045454545454545456,0.0,0.1157083823759805,0.0,0.0,0.0,0.0,0.1,0.25,0.3700000000000001
by_calibration_type_ref_country,calibration_type=ideological_mobilization|ref_country=China,IDI_raw,7,0.0,0.018868,0.004893285714285714,0.0,0.007792761599519054,0.0,0.0,0.0,0.0076925,0.0167782,0.017823099999999998,0.01865902
by_calibration_type_ref_country,calibration_type=ideological_mobilization|ref_country=China,EMI_raw,7,0.0,0.028571,0.007008,0.002778,0.009745053705048818,0.0,0.0,0.002778,0.0088535,0.018975800000000004,0.023773399999999986,0.02761147999999999
by_calibration_type_ref_country,calibration_type=ideological_mobilization|ref_country=China,MTI_raw,7,0.0,0.021277,0.003039571428571429,0.0,0.007445399036742526,0.0,0.0,0.0,0.0,0.008510800000000008,0.014893899999999984,0.02000037999999999
by_calibration_type_ref_country,calibration_type=ideological_mobilization|ref_country=China,EVI_raw,7,-5.0,1.0,-1.7142857142857142,-2.0,1.979486637221574,-3.8,-3.0,-2.0,0.0,0.40000000000000036,0.6999999999999993,0.9399999999999995
by_calibration_type_ref_country,calibration_type=ideological_mobilization|ref_country=China,EVI_norm,7,-0.5,0.1,-0.17142857142857143,-0.2,0.19794866372215741,-0.38,-0.3,-0.2,0.0,0.040000000000000036,0.06999999999999994,0.09399999999999996
by_calibration_type_ref_country,calibration_type=ideological_mobilization|ref_country=China,IP_context,7,-0.5157235,0.10205130000000001,-0.17559745714285713,-0.2005556,0.20348861935159812,-0.39143217999999996,-0.30747719999999995,-0.2005556,0.0,0.04082052000000004,0.07143590999999994,0.09592822199999997
by_calibration_type_ref_country,calibration_type=ideological_mobilization|ref_country=China,IP_abs_context,7,0.0,0.5157235,0.2047549714285714,0.2005556,0.17411917423403442,0.0,0.051025650000000006,0.2005556,0.30747719999999995,0.39143218,0.45357783999999984,0.5032943679999999
by_calibration_type_ref_country,calibration_type=ideological_mobilization|ref_country=Russia,IDI_raw,1,0.0,0.0,0.0,0.0,0.0,0.0,0.0,0.0,0.0,0.0,0.0,0.0
by_calibration_type_ref_country,calibration_type=ideological_mobilization|ref_country=Russia,EMI_raw,1,0.0,0.0,0.0,0.0,0.0,0.0,0.0,0.0,0.0,0.0,0.0,0.0
by_calibration_type_ref_country,calibration_type=ideological_mobilization|ref_country=Russia,MTI_raw,1,0.015625,0.015625,0.015625,0.015625,0.0,0.015625,0.015625,0.015625,0.015625,0.015625,0.015625,0.015625
by_calibration_type_ref_country,calibration_type=ideological_mobilization|ref_country=Russia,EVI_raw,1,3.0,3.0,3.0,3.0,0.0,3.0,3.0,3.0,3.0,3.0,3.0,3.0
by_calibration_type_ref_country,calibration_type=ideological_mobilization|ref_country=Russia,EVI_norm,1,0.3,0.3,0.3,0.3,0.0,0.3,0.3,0.3,0.3,0.3,0.3,0.3
by_calibration_type_ref_country,calibration_type=ideological_mobilization|ref_country=Russia,IP_context,1,0.3046875,0.3046875,0.3046875,0.3046875,0.0,0.3046875,0.3046875,0.3046875,0.3046875,0.3046875,0.3046875,0.3046875
by_calibration_type_ref_country,calibration_type=ideological_mobilization|ref_country=Russia,IP_abs_context,1,0.3046875,0.3046875,0.3046875,0.3046875,0.0,0.3046875,0.3046875,0.3046875,0.3046875,0.3046875,0.3046875,0.3046875
by_calibration_type_ref_country,calibration_type=ideological_mobilization|ref_country=USA,IDI_raw,18,0.0,0.018868,0.0032110555555555555,0.0,0.006251202253008992,0.0,0.0,0.0,0.0,0.014762100000000002,0.016322249999999996,0.018358849999999996
by_calibration_type_ref_country,calibration_type=ideological_mobilization|ref_country=USA,EMI_raw,18,0.0,0.044444,0.005394166666666666,0.0,0.010812911629929593,0.0,0.0,0.0,0.0055765,0.014171800000000002,0.02037624999999996,0.03963044999999995
by_calibration_type_ref_country,calibration_type=ideological_mobilization|ref_country=USA,MTI_raw,18,0.0,0.078947,0.011478277777777776,0.0,0.019553966800755843,0.0,0.0,0.0,0.01547625,0.02827920000000001,0.04584204999999995,0.07232600999999994
by_calibration_type_ref_country,calibration_type=ideological_mobilization|ref_country=USA,EVI_raw,18,-5.0,3.0,0.05555555555555555,0.0,1.8400550179643549,-1.5999999999999996,0.0,0.0,1.0,2.3000000000000007,3.0,3.0
by_calibration_type_ref_country,calibration_type=ideological_mobilization|ref_country=USA,EVI_norm,18,-0.5,0.3,0.005555555555555556,0.0,0.1840055017964355,-0.15999999999999998,0.0,0.0,0.1,0.23000000000000007,0.3,0.3
by_calibration_type_ref_country,calibration_type=ideological_mobilization|ref_country=USA,IP_context,18,-0.5157235,0.3159999,0.005283444444444447,0.0,0.18987175941031362,-0.16633333999999994,0.0,0.0,0.1,0.23528558000000008,0.304783215,0.313756563
by_calibration_type_ref_country,calibration_type=ideological_mobilization|ref_country=USA,IP_abs_context,18,0.0,0.5157235,0.11999345555555557,0.1,0.14724391474897178,0.0,0.0,0.1,0.18059525,0.31413321,0.3459584399999997,0.48177048799999966
by_calibration_type_ref_country,calibration_type=neutral_news|ref_country=China,IDI_raw,8,0.0,0.0,0.0,0.0,0.0,0.0,0.0,0.0,0.0,0.0,0.0,0.0
by_calibration_type_ref_country,calibration_type=neutral_news|ref_country=China,EMI_raw,8,0.0,0.0,0.0,0.0,0.0,0.0,0.0,0.0,0.0,0.0,0.0,0.0
by_calibration_type_ref_country,calibration_type=neutral_news|ref_country=China,MTI_raw,8,0.0,0.045455,0.0083415,0.0,0.015661348824414837,0.0,0.0,0.0,0.00531925,0.028530399999999997,0.03699269999999999,0.043762539999999996
by_calibration_type_ref_country,calibration_type=neutral_news|ref_country=China,EVI_raw,8,0.0,0.0,0.0,0.0,0.0,0.0,0.0,0.0,0.0,0.0,0.0,0.0
by_calibration_type_ref_country,calibration_type=neutral_news|ref_country=China,EVI_norm,8,0.0,0.0,0.0,0.0,0.0,0.0,0.0,0.0,0.0,0.0,0.0,0.0
by_calibration_type_ref_country,calibration_type=neutral_news|ref_country=China,IP_context,8,0.0,0.0,0.0,0.0,0.0,0.0,0.0,0.0,0.0,0.0,0.0,0.0
by_calibration_type_ref_country,calibration_type=neutral_news|ref_country=China,IP_abs_context,8,0.0,0.0,0.0,0.0,0.0,0.0,0.0,0.0,0.0,0.0,0.0,0.0
by_calibration_type_ref_country,calibration_type=neutral_news|ref_country=USA,IDI_raw,26,0.0,0.0,0.0,0.0,0.0,0.0,0.0,0.0,0.0,0.0,0.0,0.0
by_calibration_type_ref_country,calibration_type=neutral_news|ref_country=USA,EMI_raw,26,0.0,0.004566,0.0001756153846153846,0.0,0.000878076923076923,0.0,0.0,0.0,0.0,0.0,0.0,0.0034244999999999996
by_calibration_type_ref_country,calibration_type=neutral_news|ref_country=USA,MTI_raw,26,0.0,0.035088,0.006602269230769231,0.0,0.010588125048510685,0.0,0.0,0.0,0.01497275,0.023159,0.02525475,0.03272625
by_calibration_type_ref_country,calibration_type=neutral_news|ref_country=USA,EVI_raw,26,0.0,3.0,0.19230769230769232,0.0,0.6213651700539812,0.0,0.0,0.0,0.0,0.5,1.0,2.5
by_calibration_type_ref_country,calibration_type=neutral_news|ref_country=USA,EVI_norm,26,0.0,0.3,0.019230769230769232,0.0,0.06213651700539813,0.0,0.0,0.0,0.0,0.05,0.1,0.25
by_calibration_type_ref_country,calibration_type=neutral_news|ref_country=USA,IP_context,26,0.0,0.30722879999999997,0.01964375384615384,0.0,0.06357031344307007,0.0,0.0,0.0,0.0,0.05,0.10263160000000002,0.2562988
by_calibration_type_ref_country,calibration_type=neutral_news|ref_country=USA,IP_abs_context,26,0.0,0.30722879999999997,0.01964375384615384,0.0,0.06357031344307007,0.0,0.0,0.0,0.0,0.05,0.10263160000000002,0.2562988
by_calibration_type_ref_country,calibration_type=opinion_editorial|ref_country=China,IDI_raw,7,0.0,0.034483,0.0064789999999999995,0.0,0.012032053037022166,0.0,0.0,0.0,0.005435,0.02031520000000001,0.027399099999999982,0.033066219999999986
by_calibration_type_ref_country,calibration_type=opinion_editorial|ref_country=China,EMI_raw,7,0.0,0.002506,0.000358,0.0,0.0008769173279163778,0.0,0.0,0.0,0.0,0.001002400000000001,0.0017541999999999983,0.0023556399999999987
by_calibration_type_ref_country,calibration_type=opinion_editorial|ref_country=China,MTI_raw,7,0.0,0.02381,0.0066401428571428575,0.0,0.008818763153130967,0.0,0.0,0.0,0.0113355,0.018615200000000005,0.021212599999999995,0.02329052
by_calibration_type_ref_country,calibration_type=opinion_editorial|ref_country=China,EVI_raw,7,0.0,2.0,0.5714285714285714,0.0,0.7284313590846835,0.0,0.0,0.0,1.0,1.4000000000000004,1.6999999999999993,1.9399999999999995
by_calibration_type_ref_country,calibration_type=opinion_editorial|ref_country=China,EVI_norm,7,0.0,0.2,0.05714285714285715,0.0,0.07284313590846836,0.0,0.0,0.0,0.1,0.14000000000000004,0.16999999999999993,0.19399999999999995
by_calibration_type_ref_country,calibration_type=opinion_editorial|ref_country=China,IP_context,7,0.0,0.2,0.05777868571428572,0.0,0.07322608836341689,0.0,0.0,0.0,0.1022254,0.14206898000000004,0.17103448999999993,0.19420689799999996
by_calibration_type_ref_country,calibration_type=opinion_editorial|ref_country=China,IP_abs_context,7,0.0,0.2,0.05777868571428572,0.0,0.07322608836341689,0.0,0.0,0.0,0.1022254,0.14206898000000004,0.17103448999999993,0.19420689799999996
by_calibration_type_ref_country,calibration_type=opinion_editorial|ref_country=USA,IDI_raw,6,0.0,0.014925,0.0024875,0.0,0.005562219094030728,0.0,0.0,0.0,0.0,0.0074625,0.01119375,0.014178750000000004
by_calibration_type_ref_country,calibration_type=opinion_editorial|ref_country=USA,EMI_raw,6,0.0,0.0,0.0,0.0,0.0,0.0,0.0,0.0,0.0,0.0,0.0,0.0
by_calibration_type_ref_country,calibration_type=opinion_editorial|ref_country=USA,MTI_raw,6,0.0,0.008,0.0013333333333333333,0.0,0.00298142396999972,0.0,0.0,0.0,0.0,0.004,0.006,0.007600000000000002
by_calibration_type_ref_country,calibration_type=opinion_editorial|ref_country=USA,EVI_raw,6,0.0,3.0,0.6666666666666666,0.0,1.1055415967851334,0.0,0.0,0.0,0.75,2.0,2.5,2.9000000000000004
by_calibration_type_ref_country,calibration_type=opinion_editorial|ref_country=USA,EVI_norm,6,0.0,0.3,0.06666666666666667,0.0,0.11055415967851334,0.0,0.0,0.0,0.07500000000000001,0.2,0.25,0.29000000000000004
by_calibration_type_ref_country,calibration_type=opinion_editorial|ref_country=USA,IP_context,6,0.0,0.3,0.06666666666666667,0.0,0.11055415967851334,0.0,0.0,0.0,0.07500000000000001,0.2,0.25,0.29000000000000004
by_calibration_type_ref_country,calibration_type=opinion_editorial|ref_country=USA,IP_abs_context,6,0.0,0.3,0.06666666666666667,0.0,0.11055415967851334,0.0,0.0,0.0,0.07500000000000001,0.2,0.25,0.29000000000000004
by_calibration_type_ref_country,calibration_type=propaganda_like_text|ref_country=Russia,IDI_raw,1,0.0,0.0,0.0,0.0,0.0,0.0,0.0,0.0,0.0,0.0,0.0,0.0
by_calibration_type_ref_country,calibration_type=propaganda_like_text|ref_country=Russia,EMI_raw,1,0.010417,0.010417,0.010417,0.010417,0.0,0.010417,0.010417,0.010417,0.010417,0.010417,0.010417,0.010417
by_calibration_type_ref_country,calibration_type=propaganda_like_text|ref_country=Russia,MTI_raw,1,0.0,0.0,0.0,0.0,0.0,0.0,0.0,0.0,0.0,0.0,0.0,0.0
by_calibration_type_ref_country,calibration_type=propaganda_like_text|ref_country=Russia,EVI_raw,1,-4.0,-4.0,-4.0,-4.0,0.0,-4.0,-4.0,-4.0,-4.0,-4.0,-4.0,-4.0
by_calibration_type_ref_country,calibration_type=propaganda_like_text|ref_country=Russia,EVI_norm,1,-0.4,-0.4,-0.4,-0.4,0.0,-0.4,-0.4,-0.4,-0.4,-0.4,-0.4,-0.4
by_calibration_type_ref_country,calibration_type=propaganda_like_text|ref_country=Russia,IP_context,1,-0.4041668,-0.4041668,-0.4041668,-0.4041668,0.0,-0.4041668,-0.4041668,-0.4041668,-0.4041668,-0.4041668,-0.4041668,-0.4041668
by_calibration_type_ref_country,calibration_type=propaganda_like_text|ref_country=Russia,IP_abs_context,1,0.4041668,0.4041668,0.4041668,0.4041668,0.0,0.4041668,0.4041668,0.4041668,0.4041668,0.4041668,0.4041668,0.4041668
by_calibration_type_ref_country,calibration_type=propaganda_like_text|ref_country=USA,IDI_raw,3,0.0,0.022727,0.009726333333333333,0.006452,0.009562777711290563,0.0012904000000000001,0.003226,0.006452,0.0145895,0.019472,0.0210995,0.0224015
by_calibration_type_ref_country,calibration_type=propaganda_like_text|ref_country=USA,EMI_raw,3,0.0,0.008602,0.0028673333333333333,0.0,0.004055021687844455,0.0,0.0,0.0,0.004301,0.006881600000000001,0.007741799999999999,0.00842996
by_calibration_type_ref_country,calibration_type=propaganda_like_text|ref_country=USA,MTI_raw,3,0.0,0.016393,0.007615,0.006452,0.006742751120030064,0.0012904000000000001,0.003226,0.006452,0.0114225,0.014404800000000002,0.0153989,0.016194180000000002
by_calibration_type_ref_country,calibration_type=propaganda_like_text|ref_country=USA,EVI_raw,3,-6.0,0.0,-2.0,0.0,2.8284271247461903,-4.8,-3.0,0.0,0.0,0.0,0.0,0.0
by_calibration_type_ref_country,calibration_type=propaganda_like_text|ref_country=USA,EVI_norm,3,-0.6,0.0,-0.19999999999999998,0.0,0.282842712474619,-0.48,-0.3,0.0,0.0,0.0,0.0,0.0
by_calibration_type_ref_country,calibration_type=propaganda_like_text|ref_country=USA,IP_context,3,-0.6129036,0.0,-0.2043012,0.0,0.2889255278490982,-0.49032288,-0.3064518,0.0,0.0,0.0,0.0,0.0
by_calibration_type_ref_country,calibration_type=propaganda_like_text|ref_country=USA,IP_abs_context,3,0.0,0.6129036,0.2043012,0.0,0.2889255278490982,0.0,0.0,0.0,0.3064518,0.49032288,0.5516132399999999,0.6006455279999999
by_calibration_type_ref_country,calibration_type=standard_political_news|ref_country=USA,IDI_raw,27,0.0,0.011236,0.00041614814814814813,0.0,0.0021219475279529087,0.0,0.0,0.0,0.0,0.0,0.0,0.008314639999999983
by_calibration_type_ref_country,calibration_type=standard_political_news|ref_country=USA,EMI_raw,27,0.0,0.009259,0.0006635925925925927,0.0,0.00234757918273365,0.0,0.0,0.0,0.0,0.0,0.006060599999999994,0.00910274
by_calibration_type_ref_country,calibration_type=standard_political_news|ref_country=USA,MTI_raw,27,0.0,0.016393,0.0023395555555555557,0.0,0.005252581709719893,0.0,0.0,0.0,0.0,0.013347800000000002,0.015104199999999998,0.01619332
by_calibration_type_ref_country,calibration_type=standard_political_news|ref_country=USA,EVI_raw,27,-3.0,3.0,0.5555555555555556,0.0,1.3698697784375502,0.0,0.0,0.0,1.5,3.0,3.0,3.0
by_calibration_type_ref_country,calibration_type=standard_political_news|ref_country=USA,EVI_norm,27,-0.3,0.3,0.055555555555555546,0.0,0.13698697784375502,0.0,0.0,0.0,0.15000000000000002,0.3,0.3,0.3
by_calibration_type_ref_country,calibration_type=standard_political_news|ref_country=USA,IP_context,27,-0.3025974,0.30694439999999995,0.055700725925925926,0.0,0.13771902426406588,0.0,0.0,0.0,0.15000000000000002,0.3,0.3,0.30513885599999996
by_calibration_type_ref_country,calibration_type=standard_political_news|ref_country=USA,IP_abs_context,27,0.0,0.30694439999999995,0.08555441481481482,0.0,0.12144769499095515,0.0,0.0,0.0,0.2,0.3,0.30181818,0.30581417999999994
